epoch,train_loss,train_acc,train_macro_f1,test_loss,test_acc,test_macro_f1
1,0.7953147279380398,0.8498005523166615,0.8441529016782413,0.17198713263968482,0.992040520984081,0.9921240859207108
2,0.09328809092932956,0.9976986805768641,0.9977230085566621,0.037165253928575434,0.9989146164978292,0.9989272753535158
3,0.031237398322537913,0.9987726296409942,0.9987868243693354,0.02437818737083294,1.0,1.0
4,0.01795289145917473,0.9993863148204971,0.9993938186154232,0.00961527137447003,0.9996382054992764,0.9996428560040052
5,0.01157872242456969,0.9995397361153728,0.9995453374148836,0.01075317142746922,0.998191027496382,0.9982116261215135
