epoch,train_loss,train_acc,train_macro_f1,test_loss,test_acc,test_macro_f1
1,0.22233527217371243,0.9429272783062289,0.9435021967035894,0.0205454978833781,0.9989146164978292,0.9989272753535158
2,0.03670472463569454,0.9904878797177048,0.990602891968372,0.7208890765454713,0.7539797395079595,0.7489631226092623
3,0.017091963875263783,0.9969315741024855,0.9969701303974035,0.01636844296330133,0.9974674384949349,0.9974986310349282
4,0.00511570588683286,0.9993863148204971,0.9993937089550269,0.003117239746459195,0.9992764109985528,0.9992857051748109
5,0.0030530050789709332,1.0,1.0,0.0029041437643520162,0.9992764109985528,0.9992857051748109
